title,votes,answers,views,link
Intermittent Hangs on Large File Uploads in FastAPI Before Reaching Endpoint,0,0,7,https://stackoverflow.com/questions/78243232/intermittent-hangs-on-large-file-uploads-in-fastapi-before-reaching-endpoint
vector of distortion coefficients returned by calibrate camera function opencv,0,0,4,https://stackoverflow.com/questions/78243220/vector-of-distortion-coefficients-returned-by-calibrate-camera-function-opencv
How to have a forum in my Django website? [closed],-1,0,7,https://stackoverflow.com/questions/78243215/how-to-have-a-forum-in-my-django-website
Logging interceptor using grpc.aio python,0,0,6,https://stackoverflow.com/questions/78243212/logging-interceptor-using-grpc-aio-python
Why the code shows only the header and footer of xml file?,0,0,6,https://stackoverflow.com/questions/78243205/why-the-code-shows-only-the-header-and-footer-of-xml-file
Unrar on AWS Glue,0,0,6,https://stackoverflow.com/questions/78243201/unrar-on-aws-glue
PyBluez connection problems,-1,0,5,https://stackoverflow.com/questions/78243173/pybluez-connection-problems
Calculating center of rotation from Affine2D transformation matrix,0,0,5,https://stackoverflow.com/questions/78243163/calculating-center-of-rotation-from-affine2d-transformation-matrix
"How to rank 100,000 websites by significance/popularity [closed]",-3,0,17,https://stackoverflow.com/questions/78243118/how-to-rank-100-000-websites-by-significance-popularity
Calculating based on rows conditions (in pandas),1,2,23,https://stackoverflow.com/questions/78243115/calculating-based-on-rows-conditions-in-pandas
Finding the longest increasing subsequence in a given list of numbers [closed],-2,0,19,https://stackoverflow.com/questions/78243104/finding-the-longest-increasing-subsequence-in-a-given-list-of-numbers
Should I be using sympy to first develop an equation or go straight through numpy?,-2,0,12,https://stackoverflow.com/questions/78243065/should-i-be-using-sympy-to-first-develop-an-equation-or-go-straight-through-nump
I am not able to install tensorflow text,0,0,12,https://stackoverflow.com/questions/78243053/i-am-not-able-to-install-tensorflow-text
i cant get the specific node of BST using recursion . i.e. every stack it erase,0,0,11,https://stackoverflow.com/questions/78243036/i-cant-get-the-specific-node-of-bst-using-recursion-i-e-every-stack-it-erase
Unable to Pin function in PysimpleGUI,0,0,10,https://stackoverflow.com/questions/78243021/unable-to-pin-function-in-pysimplegui
Incorrect ARC dimensions showing up in ezdxf,0,0,7,https://stackoverflow.com/questions/78243014/incorrect-arc-dimensions-showing-up-in-ezdxf
Retrieve tags from xml using python,0,1,17,https://stackoverflow.com/questions/78242981/retrieve-tags-from-xml-using-python
How to use Anaconda?,-4,2,34,https://stackoverflow.com/questions/78242979/how-to-use-anaconda
How to round values in pyplot table,1,1,19,https://stackoverflow.com/questions/78242962/how-to-round-values-in-pyplot-table
How to avoid timeout of API before ending?,-1,0,14,https://stackoverflow.com/questions/78242950/how-to-avoid-timeout-of-api-before-ending
How To Call Zerodha API In Flask,0,0,13,https://stackoverflow.com/questions/78242943/how-to-call-zerodha-api-in-flask
Generate EC key and verify signature in webauthn,0,0,9,https://stackoverflow.com/questions/78242924/generate-ec-key-and-verify-signature-in-webauthn
cov2corr() for scipy sparse matrices,0,0,9,https://stackoverflow.com/questions/78242915/cov2corr-for-scipy-sparse-matrices
Export Gradient coloured dataframe to excel,0,0,20,https://stackoverflow.com/questions/78242912/export-gradient-coloured-dataframe-to-excel
How can I overlay a 3D model onto a detected object in real-time using computer vision?,0,0,6,https://stackoverflow.com/questions/78242911/how-can-i-overlay-a-3d-model-onto-a-detected-object-in-real-time-using-computer
How do I select from a Listbox without errors?,0,1,22,https://stackoverflow.com/questions/78242882/how-do-i-select-from-a-listbox-without-errors
Count Subarrays Where Max Element Appears at Least K Times sliding window,0,0,31,https://stackoverflow.com/questions/78242859/count-subarrays-where-max-element-appears-at-least-k-times-sliding-window
"How to set ""selected"" on the correct value VUE",-1,0,14,https://stackoverflow.com/questions/78242813/how-to-set-selected-on-the-correct-value-vue
dtreeviz TypeError in google colab,0,0,13,https://stackoverflow.com/questions/78242805/dtreeviz-typeerror-in-google-colab
How can I turn categories into columns with percentage results? [duplicate],1,0,26,https://stackoverflow.com/questions/78242802/how-can-i-turn-categories-into-columns-with-percentage-results
OR Tools problem with 'scheduling_with_transitions_sat' job shop scheduling example from GitHub,0,1,16,https://stackoverflow.com/questions/78242801/or-tools-problem-with-scheduling-with-transitions-sat-job-shop-scheduling-exam
AttributeError: 'Parameters' object has no attribute 'parameters',0,0,19,https://stackoverflow.com/questions/78242799/attributeerror-parameters-object-has-no-attribute-parameters
pyninstaller error: ignored explicit argument '--',0,1,11,https://stackoverflow.com/questions/78242786/pyninstaller-error-ignored-explicit-argument
Formula or algorithm that calculates the number of agents needed for a multi-skilled call center environment [closed],-3,0,18,https://stackoverflow.com/questions/78242769/formula-or-algorithm-that-calculates-the-number-of-agents-needed-for-a-multi-ski
How to parse a web site with pagination using Aiohttp in Python? And I don't know how many actually there are pages on the web site,-1,0,15,https://stackoverflow.com/questions/78242765/how-to-parse-a-web-site-with-pagination-using-aiohttp-in-python-and-i-dont-kno
how to convert nn.Sequential code to nn.Linear,0,1,23,https://stackoverflow.com/questions/78242743/how-to-convert-nn-sequential-code-to-nn-linear
Restructuring data in python [closed],-2,0,16,https://stackoverflow.com/questions/78242740/restructuring-data-in-python
How to override a is_member() in-built function in databricks [closed],0,0,9,https://stackoverflow.com/questions/78242730/how-to-override-a-is-member-in-built-function-in-databricks
Why is my mutli-label text classification low accuracy?,0,1,26,https://stackoverflow.com/questions/78242719/why-is-my-mutli-label-text-classification-low-accuracy
How should it be handled if the number of messages is less than the number of threads?,0,0,15,https://stackoverflow.com/questions/78242655/how-should-it-be-handled-if-the-number-of-messages-is-less-than-the-number-of-th
Why does the langchain agent custom template {agent_scratchpa} contain objects? How does it parse into a string?,-2,0,5,https://stackoverflow.com/questions/78242642/why-does-the-langchain-agent-custom-template-agent-scratchpa-contain-objects
How to parse a Bluetooth packet?,-2,0,22,https://stackoverflow.com/questions/78242625/how-to-parse-a-bluetooth-packet
How to change the source image from a KV file,0,0,13,https://stackoverflow.com/questions/78242617/how-to-change-the-source-image-from-a-kv-file
Why is query via SQLAlchemy session slower on first run,0,0,21,https://stackoverflow.com/questions/78242608/why-is-query-via-sqlalchemy-session-slower-on-first-run
Creating a GUI application for creating graphs,0,0,12,https://stackoverflow.com/questions/78242603/creating-a-gui-application-for-creating-graphs
different xaxis in make_subplots python,0,0,9,https://stackoverflow.com/questions/78242596/different-xaxis-in-make-subplots-python
"Import ""keras.preprocessing.text"" could not be resolved",0,1,21,https://stackoverflow.com/questions/78242571/import-keras-preprocessing-text-could-not-be-resolved
Pandas dataframe : Replace value according case conditions,0,1,25,https://stackoverflow.com/questions/78242561/pandas-dataframe-replace-value-according-case-conditions
'NoneType' object has no attribute 'removeItem',0,0,17,https://stackoverflow.com/questions/78242556/nonetype-object-has-no-attribute-removeitem
Solving double integration in python using scipy.integrate,0,0,16,https://stackoverflow.com/questions/78242551/solving-double-integration-in-python-using-scipy-integrate
How to register a custom RangeField in postgre db with django,0,0,22,https://stackoverflow.com/questions/78242521/how-to-register-a-custom-rangefield-in-postgre-db-with-django
similarity between two numpy arrays based on shape but not distance,0,1,25,https://stackoverflow.com/questions/78242488/similarity-between-two-numpy-arrays-based-on-shape-but-not-distance
How to implement gaze tracking in drowsiness detection system [closed],-3,0,13,https://stackoverflow.com/questions/78242486/how-to-implement-gaze-tracking-in-drowsiness-detection-system
How can I create groups based on ascending streak of a column?,0,1,21,https://stackoverflow.com/questions/78242484/how-can-i-create-groups-based-on-ascending-streak-of-a-column
Train and test split in such a way that each name and proportion of tartget class is present in both train and test,0,1,9,https://stackoverflow.com/questions/78242480/train-and-test-split-in-such-a-way-that-each-name-and-proportion-of-tartget-clas
How to include colspan to a table header while web scraping,0,1,23,https://stackoverflow.com/questions/78242446/how-to-include-colspan-to-a-table-header-while-web-scraping
api one jason python [closed],-2,0,19,https://stackoverflow.com/questions/78242402/api-one-jason-python
creating lists in single scan,1,1,29,https://stackoverflow.com/questions/78242374/creating-lists-in-single-scan
Expected input batch_size (24) to match target batch_size (18),0,0,12,https://stackoverflow.com/questions/78242339/expected-input-batch-size-24-to-match-target-batch-size-18
How to send click to minimized window with ahk library in python,0,0,10,https://stackoverflow.com/questions/78242336/how-to-send-click-to-minimized-window-with-ahk-library-in-python
Vespa not able to identify the embedding id during the query. even when it is in vald embedders list,1,1,11,https://stackoverflow.com/questions/78242247/vespa-not-able-to-identify-the-embedding-id-during-the-query-even-when-it-is-in
"websocket Fatal error message stating ""Failed to listen on tcp://0.0.0.0:8080: Address already in use",-2,0,13,https://stackoverflow.com/questions/78242243/websocket-fatal-error-message-stating-failed-to-listen-on-tcp-0-0-0-08080-a
What is the difference between Forward slash and Backslash in Jupyter Notebook? [duplicate],-2,0,17,https://stackoverflow.com/questions/78242216/what-is-the-difference-between-forward-slash-and-backslash-in-jupyter-notebook
Low score when applying RandomForestRegressor on a numeric-categorical mixed dataframe to predict on a two-column label set,-1,0,11,https://stackoverflow.com/questions/78242202/low-score-when-applying-randomforestregressor-on-a-numeric-categorical-mixed-dat
How to create an improperly closed gzip file using python?,0,2,34,https://stackoverflow.com/questions/78242185/how-to-create-an-improperly-closed-gzip-file-using-python
Python GET Request returns data when tried on Postman but the generated python code not working,0,2,35,https://stackoverflow.com/questions/78242183/python-get-request-returns-data-when-tried-on-postman-but-the-generated-python-c
I make a video editing scripts but there is a bug here [closed],-3,0,18,https://stackoverflow.com/questions/78242169/i-make-a-video-editing-scripts-but-there-is-a-bug-here
"CUDA driver initialization failed, you might not have a CUDA gpu",-2,0,25,https://stackoverflow.com/questions/78242167/cuda-driver-initialization-failed-you-might-not-have-a-cuda-gpu
I am trying to connect my Aiven database to python using the SQLalchemy module,-3,0,18,https://stackoverflow.com/questions/78242165/i-am-trying-to-connect-my-aiven-database-to-python-using-the-sqlalchemy-module
Coastsat not running when try on jupyter,0,2,15,https://stackoverflow.com/questions/78242157/coastsat-not-running-when-try-on-jupyter
My code that checks if a given number is palindrome or not doesn't work,-1,3,51,https://stackoverflow.com/questions/78242133/my-code-that-checks-if-a-given-number-is-palindrome-or-not-doesnt-work
How should I solve Deepcopy,-2,0,29,https://stackoverflow.com/questions/78242117/how-should-i-solve-deepcopy
Bot is not able to edit message (Telebot/Multiprocessing),0,1,9,https://stackoverflow.com/questions/78242114/bot-is-not-able-to-edit-message-telebot-multiprocessing
How do I create a *clean* AWS lambda function in python?,0,1,19,https://stackoverflow.com/questions/78242095/how-do-i-create-a-clean-aws-lambda-function-in-python
How I resolve : InvalidArgumentError: Graph execution error?,0,0,6,https://stackoverflow.com/questions/78242076/how-i-resolve-invalidargumenterror-graph-execution-error
No HTTP Trigger Found In Azure function,0,1,41,https://stackoverflow.com/questions/78242068/no-http-trigger-found-in-azure-function
"Python for all mathematical and geometric computations libraries, any suggestion apart from my research.thanks",-1,0,17,https://stackoverflow.com/questions/78242064/python-for-all-mathematical-and-geometric-computations-libraries-any-suggestion
Call a python function from C++ in a separate python-thread with pybind11,0,0,19,https://stackoverflow.com/questions/78242060/call-a-python-function-from-c-in-a-separate-python-thread-with-pybind11
Python class -- How may I access an double underscored attribute that is added through object within a method of the class,-1,1,15,https://stackoverflow.com/questions/78242051/python-class-how-may-i-access-an-double-underscored-attribute-that-is-added-t
Issue With Generating C++ Wrapper File For Python Code Using SWIG,-3,0,16,https://stackoverflow.com/questions/78242026/issue-with-generating-c-wrapper-file-for-python-code-using-swig
Troubleshooting Race Condition Issue in Tortoise ORM with FastAPI Deployment on AWS,-1,0,12,https://stackoverflow.com/questions/78242000/troubleshooting-race-condition-issue-in-tortoise-orm-with-fastapi-deployment-on
How can glPushMatrix affect the rotation of an object around a rotating object?,0,2,16,https://stackoverflow.com/questions/78241993/how-can-glpushmatrix-affect-the-rotation-of-an-object-around-a-rotating-object
I Want to add wasd movement controls to my game in pygame [duplicate],-1,0,15,https://stackoverflow.com/questions/78241987/i-want-to-add-wasd-movement-controls-to-my-game-in-pygame
How can I sync my audio and video together when making a clipping software with Python?,0,0,11,https://stackoverflow.com/questions/78241962/how-can-i-sync-my-audio-and-video-together-when-making-a-clipping-software-with
How to access Script Tag Variables From a Website using Python,-1,0,9,https://stackoverflow.com/questions/78241961/how-to-access-script-tag-variables-from-a-website-using-python
How can i get the top youtube search data from youtube analytics api?,-1,0,11,https://stackoverflow.com/questions/78241929/how-can-i-get-the-top-youtube-search-data-from-youtube-analytics-api
Cannot trace my own model using torch.jit.trace,0,0,11,https://stackoverflow.com/questions/78241907/cannot-trace-my-own-model-using-torch-jit-trace
How to append a tuple with a For In loop using Python?,0,0,28,https://stackoverflow.com/questions/78241881/how-to-append-a-tuple-with-a-for-in-loop-using-python
No matching distribution found for tensorboard~=2.15.0,0,1,21,https://stackoverflow.com/questions/78241869/no-matching-distribution-found-for-tensorboard-2-15-0
"error 'sequence item 2: expected str instance, NoneType found' while operating HDF5 format in Python",0,0,9,https://stackoverflow.com/questions/78241851/error-sequence-item-2-expected-str-instance-nonetype-found-while-operating-h
"In VS Code + Python, is there a way to fold only functions (and not if/else statements)? [duplicate]",0,2,37,https://stackoverflow.com/questions/78241811/in-vs-code-python-is-there-a-way-to-fold-only-functions-and-not-if-else-stat
How to Python Open CV Web Cam 4EA Real time Streaming,0,0,5,https://stackoverflow.com/questions/78241806/how-to-python-open-cv-web-cam-4ea-real-time-streaming
How do I find the probability that one of my probabilities will occur?,-1,0,17,https://stackoverflow.com/questions/78241791/how-do-i-find-the-probability-that-one-of-my-probabilities-will-occur
VSCode+Python: Run multiple processes in lockstep,0,0,16,https://stackoverflow.com/questions/78241779/vscodepython-run-multiple-processes-in-lockstep
How to configure different loggers separately in structlog?,0,0,11,https://stackoverflow.com/questions/78241767/how-to-configure-different-loggers-separately-in-structlog
How to get rid of the white border added by imgkit?,0,0,14,https://stackoverflow.com/questions/78241759/how-to-get-rid-of-the-white-border-added-by-imgkit
How do I find the line segments formed by the meeting of two sides of two polygons?,0,0,12,https://stackoverflow.com/questions/78241722/how-do-i-find-the-line-segments-formed-by-the-meeting-of-two-sides-of-two-polygo
django add filters in template is not working expectedly,0,1,27,https://stackoverflow.com/questions/78241715/django-add-filters-in-template-is-not-working-expectedly
How could I solve this Deepcopy Problem of this code?,-1,0,36,https://stackoverflow.com/questions/78241694/how-could-i-solve-this-deepcopy-problem-of-this-code
setting up a database,-1,1,42,https://stackoverflow.com/questions/78241693/setting-up-a-database
